"maria pocasangre","maria pocasangre",US,"117 w 83rd st",,,"Los Angeles",CA,90003,3233620801,,1,,2,19.42,1,,,,LB,,0,0,19.42,03,,0,0,0,0,0,,,1784783804084,
"Deborah Gomez Lopez","Deborah Gomez Lopez",US,"211 Jennifer Ln",,,Jordan,MN,55352,9522205191,,1,,2,25.21,1,,,,LB,,0,0,25.21,03,,0,0,0,0,0,,,3784783826398,
"Gustavo Farfan","Gustavo Farfan",US,"5410 SE International Way",,,Milwaukie,OR,97222,5033276997,,,,2,35.71,1,,,,LB,,0,0,35.71,03,,0,0,0,0,0,,,2781083686770,
"victor m martin lloro","victor m martin lloro",US,"406 NW 22nd Ave","Apt 302",,Miami,FL,33125,7866412833,,1,,2,18.76,1,,,,LB,,0,0,18.76,03,,0,0,0,0,0,,,4781083697312,
"Kathy Leffler","Kathy Leffler",US,"200 Education Lane",,,Havelock,NC,28532,2524445140,,,,2,10.25,2,,,,LB,,0,0,184.5,03,,0,0,0,0,0,,,4781083700501,
"Loyda Sanchez","Loyda Sanchez",US,"15605 NW 37th Court",,,"Opa Locka",FL,33054,3059784915,,1,,2,7.95,2,,,,LB,,0,0,23.85,03,,0,0,0,0,0,,,1784773748213,
